A6QLB8	UNKNOWN
A9UF07	UNKNOWN
AAA58698	UNKNOWN
F1M2K4	1.68835	PG	ATP	B	-2.470	-4.093	3.598
G1T8E2	UNKNOWN
NP_001178933	UNKNOWN
O00141	1.6211	PG	ATP	C	-0.492	8.371	-4.571
O00238	0.628836	PG	ATP	BE	-12.965	-1.470	-1.746
O00311	1.63388	PG	ATP	Q	-6.032	3.298	9.206
O00329	1.10815	PG	ATP	N	-16.265	17.553	-2.216
O00418	0.454688	PG	ATP	G	18.933	-6.694	-11.295
O00443	1.03355	PG	ATP	B	-12.791	-9.846	-18.049
O00444	0.650268	PG	ATP	AE	-8.496	13.277	9.779
O00506	0.337767	PG	ATP	AX	1.276	-4.920	7.195
O08605	1.44863	PG	ATP	D	9.097	9.005	2.195
O08678	0.88721	PG	ATP	D	-5.292	13.369	1.040
O08679	0.930704	PG	ATP	G	-13.614	9.008	-6.341
O08911	0.542632	PG	ATP	K	9.728	-0.034	-0.638
O14578	0.869878	PG	ATP	H	24.047	-7.196	-24.388
O14638	UNKNOWN
O14730	0.53427	PG	ATP	E	-1.040	1.685	1.888
O14733	0.127721	PG	ATP	T	15.981	14.424	-3.667
O14757	0.472186	PG	ATP	F	-9.610	-8.722	0.169
O14874	0.468673	PG	ATP	E	3.105	-5.102	-10.140
O14920	1.2452	PG	ATP	K	22.982	6.574	-19.993
O14936	0.512399	PG	ATP	D	5.792	7.227	-6.928
O14965	0.635537	PG	ATP	D	-3.194	4.776	6.709
O14976	0.76688	PG	ATP	Y	-1.981	-10.897	-4.752
O15111	1.15165	PG	ATP	H	20.616	-6.060	-27.647
O15264	1.50267	PG	ATP	C	3.653	-1.932	-4.247
O15530	0.299507	PG	ATP	C	-9.212	-9.136	6.955
O43283	1.07067	PG	ATP	B	-13.835	10.285	2.193
O43293	0.921858	PG	ATP	H	3.843	-6.037	-1.336
O43318	1.06806	PG	ATP	B	-12.981	-2.872	1.363
O43353	1.08234	PG	ATP	C	9.551	1.723	-7.302
O43683	0.321428	PG	ATP	J	1.191	2.353	-3.272
O43781	0.203438	PG	ATP	F	-11.685	7.481	-1.977
O54992	0.794761	PG	ATP	Y	0.795	12.481	0.199
O60285	1.22374	PG	ATP	N	-12.075	-7.096	2.234
O60307	0.8584	PG	ATP	C	0.056	-6.117	3.699
O60674	0.822727	PG	ATP	M	6.944	4.093	-12.990
O60885	UNKNOWN
O70293	0.648239	PG	ATP	H	-5.649	12.810	12.913
O75116	0.561339	PG	ATP	E	-4.640	-9.224	2.854
O75385	0.628366	PG	ATP	Q	1.237	-0.908	-0.667
O75460	0.777513	PG	ATP	T	-13.899	-3.130	4.944
O75582	0.869196	PG	ATP	B	-17.414	-3.423	12.829
O75676	0.94539	PG	ATP	B	12.069	-6.301	-13.818
O75716	2.09562	PG	ATP	M	-4.448	-3.164	-10.663
O75914	0.60174	PG	ATP	AH	-2.566	1.792	-9.984
O76039	0.790964	PG	ATP	K	-3.438	-2.300	8.713
O88643	0.592664	PG	ATP	AE	-12.027	-0.614	2.258
O94804	1.29655	PG	ATP	N	-15.799	-13.818	2.690
O94806	1.20798	PG	ATP	I	-1.114	-0.826	-4.428
O94921	0.766722	PG	ATP	E	-3.127	-7.392	-10.228
O95382	1.15698	PG	ATP	AL	12.915	1.974	-16.727
O95747	0.604529	PG	ATP	E	2.508	4.528	-2.854
O95819	0.808136	PG	ATP	AF	-20.653	-9.958	-1.074
O95835	1.69284	PG	ATP	B	-1.087	-2.351	4.363
O96013	0.0608944	PG	ATP	C	-31.951	-12.357	-12.404
O96017	1.17355	PG	ATP	J	-9.228	-8.900	-4.172
P00516	0.923083	PG	ATP	B	4.224	12.299	-8.245
P00517	0.87032	PG	ATP	Q	1.354	-2.693	9.862
P00518	1.15958	PG	ATP	E	-9.021	3.731	9.373
P00519	0.647271	PG	ATP	L	6.376	13.627	-14.062
P00520	0.637254	PG	ATP	L	4.647	15.224	-14.023
P00523	1.37922	PG	ATP	P	12.299	5.233	-7.242
P00533	1.5301	PG	ATP	O	-15.931	37.383	10.928
P00536	1.40752	PG	ATP	B	1.524	-4.174	-5.181
P00540	1.32535	PG	ATP	D	-11.770	1.653	-1.281
P00558	0.396553	PG	ATP	D	10.300	-5.228	-0.221
P04049	1.24322	PG	ATP	C	-9.813	-5.557	9.175
P04409	1.00638	PG	ATP	G	16.488	13.604	-11.485
P04626	1.38897	PG	ATP	P	32.195	-16.093	-1.991
P04629	0.948021	PG	ATP	W	4.694	-4.462	-9.098
P05126-2	UNKNOWN
P05129	1.08895	PG	ATP	G	-15.804	-3.951	3.321
P05132	0.335752	PG	ATP	B	-9.220	0.484	-0.705
P05480-1	UNKNOWN
P05622	0.415795	PG	ATP	AM	-9.155	-18.327	6.545
P05696	0.981441	PG	ATP	G	17.695	13.352	-10.763
P05771	1.06923	PG	ATP	G	-18.052	-15.052	11.955
P05771-2	UNKNOWN
P06213	0.469552	PG	ATP	X	-7.136	-14.624	-4.436
P06239	0.837048	PG	ATP	M	19.427	-2.980	0.872
P06240	0.833437	PG	ATP	M	9.499	11.553	-9.959
P06241	1.36419	PG	ATP	Q	11.423	-4.022	-8.330
P06493	1.26152	PG	ATP	C	9.845	3.652	2.285
P07332	1.1056	PG	ATP	G	-23.969	5.988	-15.763
P07333	0.365604	PG	ATP	AK	-11.857	0.484	-9.893
P07947	1.36885	PG	ATP	Q	-3.432	5.535	-20.020
P07948	0.821027	PG	ATP	J	-2.623	6.065	-21.220
P07949	0.0972772	PG	ATP	AA	8.034	19.375	0.048
P08069	0.984485	PG	ATP	D	-20.851	20.106	-22.071
P08103	0.867186	PG	ATP	J	-13.951	-5.154	-18.284
P08538	UNKNOWN
P08581	1.47452	PG	ATP	C	-9.568	3.274	24.084
P08631	0.884331	PG	ATP	J	-2.219	2.496	-21.677
P09215	1.21028	PG	ATP	C	-8.302	-2.913	-2.008
P09216	1.2154	PG	ATP	B	4.987	4.371	4.751
P09619	0.0622405	PG	ATP	AM	-4.428	-5.320	13.567
P09769	1.38233	PG	ATP	Q	7.481	11.883	-11.640
P0C605	0.764554	PG	ATP	B	12.048	-7.550	-3.676
P10398	1.15197	PG	ATP	C	-15.249	-4.876	4.081
P10721	0.592256	PG	ATP	AO	-22.984	-20.146	4.837
P11021	0.110019	PG	ATP	AJ	-25.752	15.602	21.741
P11274	UNKNOWN
P11275	0.78813	PG	ATP	N	-2.022	2.871	-6.431
P11309	0.333171	PG	ATP	B	-7.507	9.172	-14.297
P11362	0.100574	PG	ATP	O	-2.369	-8.826	8.201
P11440	1.29485	PG	ATP	C	-3.352	-6.820	7.832
P11798	0.787585	PG	ATP	N	-1.659	2.648	-6.483
P11799	1.12125	PG	ATP	I	-10.601	-15.882	14.674
P11802	1.05266	PG	ATP	H	-2.832	-5.823	-10.230
P12931	1.37643	PG	ATP	Q	11.857	-1.897	-8.286
P13234	1.09474	PG	ATP	C	-16.782	6.230	3.304
P14618	2.91642	PG	ATP	R	-6.343	4.225	12.914
P14618-2	UNKNOWN
P15056	1.26656	PG	ATP	C	-7.673	2.006	3.605
P15127	1.97922	PG	ATP	C	-3.273	23.210	5.664
P15531	UNKNOWN
P15791	0.836618	PG	ATP	M	-0.444	2.100	-6.950
P16054	1.28582	PG	ATP	B	-5.989	-6.285	-2.492
P16092	0.0524146	PG	ATP	N	2.693	-2.509	7.266
P16234	0.873218	PG	ATP	AP	-11.456	-13.564	11.438
P16591	1.01833	PG	ATP	G	-7.092	11.893	14.520
P16788	UNKNOWN
P17252	1.00501	PG	ATP	G	17.374	13.401	-11.132
P17612	0.914373	PG	ATP	C	0.993	-3.582	9.117
P17612-2	UNKNOWN
P17948	0.264775	PG	ATP	Z	2.514	4.682	-17.973
P18265	0.541309	PG	ATP	B	5.928	-2.908	-3.916
P18266	0.515867	PG	ATP	B	4.069	-6.068	-2.534
P18653	1.75642	PG	ATP	E	19.960	6.753	-17.321
P18654	1.77861	PG	ATP	E	-13.888	7.129	18.090
P19139	0.872806	PG	ATP	AE	-3.239	-7.404	-9.730
P19525	0.711942	PG	ATP	E	1.730	-1.244	-5.410
P19784	0.408604	PG	ATP	AG	-8.947	2.932	-14.119
P20444	0.990548	PG	ATP	G	16.055	13.111	-11.420
P20794	0.80385	PG	ATP	D	7.613	3.036	-1.604
P21127	0.734242	PG	ATP	S	3.329	9.459	-0.861
P21146	0.801934	PG	ATP	H	-6.802	2.255	-24.364
P21675	UNKNOWN
P21708	1.40442	PG	ATP	D	10.041	4.386	0.438
P21709	0.436137	PG	ATP	B	6.078	-4.319	-37.836
P21802	0.0696378	PG	ATP	F	4.117	7.413	8.026
P21980	0.422665	PG	ATP	G	15.710	-13.650	-19.661
P22392	UNKNOWN
P22455	0.0908093	PG	ATP	P	-18.569	5.394	-4.617
P22607	0.0393574	PG	ATP	M	-22.946	3.903	-2.621
P22694	0.961734	PG	ATP	K	-4.386	-6.051	5.014
P23443	1.83726	PG	ATP	E	4.252	4.922	9.213
P23443-2	UNKNOWN
P23458	UNKNOWN
P24723	1.14777	PG	ATP	B	2.494	4.528	-5.247
P24941	0.582781	PG	ATP	D	-3.611	1.393	12.607
P25098	0.690306	PG	ATP	H	21.617	-3.808	-1.953
P25911	0.817015	PG	ATP	J	1.235	14.617	-15.828
P26794	0.327775	PG	ATP	B	-9.721	9.797	5.936
P27361	1.53077	PG	ATP	D	10.566	2.256	0.813
P27448	0.829225	PG	ATP	F	-0.737	10.879	4.264
P27448-3	UNKNOWN
P27791	0.314294	PG	ATP	AZ	-2.654	-6.246	5.181
P27986	UNKNOWN
P28482	1.14014	PG	ATP	B	9.545	-1.914	0.774
P28867	1.19283	PG	ATP	C	-1.571	-2.532	5.208
P29317	0.648664	PG	ATP	C	31.839	12.399	-42.259
P29322	0.702185	PG	ATP	B	12.202	10.784	-13.955
P29323	0.377718	PG	ATP	F	13.433	-6.254	-17.580
P29376	0.468345	PG	ATP	AF	-24.824	17.921	22.719
P29597	0.66813	PG	ATP	B	17.729	1.638	-22.629
P29678	0.121088	PG	ATP	N	-0.517	14.812	0.243
P30285	1.03719	PG	ATP	H	-4.859	-3.710	-11.963
P30291	0.938369	PG	ATP	J	5.461	-2.690	-5.868
P30530	0.966177	PG	ATP	C	-21.412	0.330	8.453
P31152	1.21752	PG	ATP	E	1.910	8.639	-5.576
P31749	0.573422	PG	ATP	E	-0.299	-4.058	8.691
P31750	0.601498	PG	ATP	F	-7.721	10.713	-6.052
P31751	0.806735	PG	ATP	C	-10.337	-1.804	-1.401
P32298	1.04735	PG	ATP	D	0.033	9.799	15.764
P33674	0.861837	PG	ATP	AD	4.288	9.531	-0.181
P33981	1.18851	PG	ATP	B	-8.305	1.007	3.764
P34152	0.664231	PG	ATP	D	7.762	16.879	-17.002
P34152-2	UNKNOWN
P34947	0.924692	PG	ATP	C	-14.812	-10.559	7.918
P35269	UNKNOWN
P35465	0.60186	PG	ATP	AG	-7.074	-0.685	-8.734
P35546	0.0795752	PG	ATP	AA	-13.599	17.965	-21.824
P35558	UNKNOWN
P35626	0.576204	PG	ATP	I	11.528	-7.982	-16.559
P35916	0.40202	PG	ATP	R	7.566	-4.190	-42.699
P35968	0.186808	PG	ATP	K	-1.480	-3.708	-19.749
P35991	UNKNOWN
P36507	0.107748	PG	ATP	N	-7.300	-1.720	-12.037
P36887	0.922288	PG	ATP	K	-1.344	-5.785	7.369
P36888	0.453305	PG	ATP	AE	12.453	10.546	-25.205
P36896	0.638843	PG	ATP	BE	1.301	-2.186	-3.531
P36897	0.662161	PG	ATP	BE	3.207	-0.130	-3.926
P37023	0.5836	PG	ATP	BE	1.664	2.920	11.960
P37173	0.247075	PG	ATP	C	-3.178	10.702	-3.986
P39688	1.36074	PG	ATP	Q	5.893	-8.751	-12.261
P41240	0.992401	PG	ATP	K	1.831	-8.389	-8.857
P41241	0.978193	PG	ATP	K	0.990	-7.507	-10.039
P41279	1.69954	PG	ATP	X	-7.862	7.500	-0.328
P41743	0.485697	PG	ATP	G	-11.353	1.651	-1.199
P42336	0.656656	PG	ATP	P	-1.473	-16.236	11.889
P42338	1.23583	PG	ATP	P	-13.009	14.796	9.012
P42345	0.497309	PG	ATP	B	16.204	0.475	-40.777
P42346	0.47115	PG	ATP	B	20.390	-2.221	-37.490
P42679	1.12762	PG	ATP	K	10.492	-5.636	0.264
P42680	1.14155	PG	ATP	AM	5.352	15.579	-7.402
P42681	1.12437	PG	ATP	AL	-18.278	-7.931	-10.762
P42684	0.58218	PG	ATP	W	6.376	14.782	-11.502
P42685	1.16028	PG	ATP	K	4.691	12.776	-15.283
P43249	0.936896	PG	ATP	C	-11.241	-8.494	11.685
P43250	0.62417	PG	ATP	H	-8.806	13.664	10.462
P43403	0.448532	PG	ATP	C	-20.774	3.759	-24.171
P43405	2.08774	PG	ATP	C	-19.201	-1.811	17.903
P45983	0.135014	PG	ATP	G	-3.656	-4.902	31.244
P45983-2	UNKNOWN
P45984	0.424442	PG	ATP	J	2.562	-0.173	9.651
P45984-2	UNKNOWN
P45985	0.134259	PG	ATP	R	5.432	24.863	-11.212
P46020	UNKNOWN
P46734	0.106044	PG	ATP	R	-4.034	23.877	-17.684
P47196	0.552529	PG	ATP	F	0.449	-2.445	9.678
P47811	1.51246	PG	ATP	C	3.520	-2.852	-4.536
P48729	0.614674	PG	ATP	F	-9.575	-7.090	0.379
P48730	0.700651	PG	ATP	L	5.618	-3.618	-1.608
P48736	0.941992	PG	ATP	E	14.403	21.160	-2.037
P49137	1.48002	PG	ATP	J	5.402	0.256	-4.157
P49138	1.45554	PG	ATP	J	3.838	-3.291	-7.356
P49185	0.1328	PG	ATP	G	-3.158	2.841	31.845
P49186	0.108504	PG	ATP	L	-3.282	5.943	32.116
P49336	1.73835	PG	ATP	G	-2.503	3.183	8.356
P49615	0.688319	PG	ATP	D	-2.545	10.920	8.229
P49674	0.648723	PG	ATP	L	5.546	-4.366	-2.061
P49759	0.385892	PG	ATP	P	0.067	-7.004	-8.832
P49760	0.366964	PG	ATP	O	-10.570	11.124	4.409
P49761	0.41156	PG	ATP	P	-2.859	0.804	10.718
P49840	0.595542	PG	ATP	B	-0.496	-5.578	8.177
P49841	0.635058	PG	ATP	B	3.639	-6.862	-3.528
P49841-2	UNKNOWN
P49842	UNKNOWN
P50613	2.08407	PG	ATP	B	11.944	-6.906	-0.340
P50750	1.5966	PG	ATP	B	3.387	-5.643	-7.340
P51451	0.783474	PG	ATP	M	-5.118	6.943	-20.295
P51617	0.997281	PG	ATP	B	-0.335	-2.626	-8.165
P51812	1.77905	PG	ATP	E	11.419	14.482	-11.408
P51813	1.17761	PG	ATP	AI	-10.379	10.179	-5.267
P51817	0.457952	PG	ATP	CT	0.225	-3.008	8.751
P51955	1.26242	PG	ATP	E	-14.521	4.223	0.146
P51956	1.94557	PG	ATP	E	1.376	-0.300	-9.548
P52333	0.711098	PG	ATP	Q	8.162	6.702	-8.686
P52564	0.106502	PG	ATP	R	4.602	23.115	-14.993
P53004	UNKNOWN
P53350	0.551836	PG	ATP	E	-13.558	6.208	2.609
P53351	0.942892	PG	ATP	F	-1.953	3.989	1.927
P53355	0.821259	PG	ATP	AL	-18.022	-18.659	-28.092
P53667	0.54679	PG	ATP	B	-4.460	9.385	-1.638
P53669	0.667044	PG	ATP	D	-9.117	11.846	-5.021
P53671	0.855516	PG	ATP	D	-3.666	2.208	-6.441
P53778	0.586913	PG	ATP	T	-2.272	-3.140	-10.423
P53779	0.213171	PG	ATP	O	-10.925	19.067	27.481
P54645	0.874759	PG	ATP	L	10.935	4.729	-1.696
P54646	0.827803	PG	ATP	L	5.448	1.447	14.066
P54753	0.393632	PG	ATP	D	11.396	12.912	-20.933
P54756	0.392725	PG	ATP	B	-18.367	9.438	22.259
P54762	0.324001	PG	ATP	F	0.238	14.349	15.421
P54764	0.357618	PG	ATP	C	-20.090	8.060	13.340
P57058	1.24848	PG	ATP	C	0.707	10.672	2.107
P57059	1.34766	PG	ATP	K	-13.564	11.614	-4.171
P63085	0.827134	PG	ATP	B	10.266	-0.331	-0.104
P63086	0.80696	PG	ATP	B	9.833	-1.236	-0.506
P67870	UNKNOWN
P67999	1.89749	PG	ATP	E	9.542	-3.230	0.753
P68399	0.770114	PG	ATP	AD	4.622	8.899	0.115
P68400	0.768795	PG	ATP	AD	4.989	8.106	0.321
P68403	1.06248	PG	ATP	G	-17.761	-14.892	12.607
P68404	1.05617	PG	ATP	G	-17.479	-14.998	11.830
P70032	0.550277	PG	ATP	E	-7.425	7.608	5.914
P70336	0.558477	PG	ATP	E	-7.238	-8.320	-2.416
P70451	1.00371	PG	ATP	G	-9.235	11.286	12.966
P70600	1.01065	PG	ATP	C	-12.829	-16.626	12.349
P78362	0.497557	PG	ATP	C	-8.085	9.614	4.065
P78368	0.587758	PG	ATP	R	6.559	8.093	-1.105
P78527	UNKNOWN
P85051	UNKNOWN
P97343	0.124806	PG	ATP	E	-0.592	-7.654	-13.217
P97377	0.502942	PG	ATP	D	-4.390	1.080	9.662
P97477	0.657291	PG	ATP	D	-6.566	8.346	4.626
P97523	1.56224	PG	ATP	C	-11.522	13.724	18.119
P97633	0.544841	PG	ATP	F	-9.430	-7.152	0.931
Q00526	0.462898	PG	ATP	D	-11.313	2.847	-1.739
Q00534	0.595574	PG	ATP	H	-0.483	-5.209	-9.049
Q00535	0.695143	PG	ATP	D	-2.908	10.916	8.020
Q00536	1.36397	PG	ATP	D	-14.635	11.081	-2.195
Q00972	0.652774	PG	ATP	E	12.291	-3.707	-4.838
Q01279	1.62882	PG	ATP	M	-29.076	20.267	-28.881
Q01813	0.798821	PG	ATP	B	4.717	4.755	20.122
Q02111	1.16212	PG	ATP	C	-7.407	-1.056	-2.236
Q02156	1.15416	PG	ATP	B	-6.496	7.631	4.632
Q02399	0.691364	PG	ATP	D	-2.131	10.527	8.772
Q02750	0.117357	PG	ATP	N	-4.398	12.093	-5.149
Q02763	0.0808498	PG	ATP	D	13.003	9.184	-6.848
Q02779	1.02123	PG	ATP	B	-13.896	3.296	-1.613
Q02956	0.552199	PG	ATP	G	-0.074	-3.766	5.755
Q03114	0.686415	PG	ATP	D	-2.738	10.854	8.273
Q04759	1.1234	PG	ATP	C	-10.272	-1.062	-3.990
Q04912	0.468959	PG	ATP	AB	-35.670	-10.473	23.062
Q05397	0.641652	PG	ATP	D	-18.075	0.761	6.816
Q05513	0.54109	PG	ATP	G	-11.140	4.181	-0.086
Q05655	1.29732	PG	ATP	C	-5.023	2.523	-3.322
Q06187	UNKNOWN
Q06418	1.01086	PG	ATP	C	-18.471	-6.279	12.775
Q07002	0.971239	PG	ATP	H	-2.960	10.114	8.820
Q07014	0.807888	PG	ATP	J	-2.041	12.112	-18.539
Q07832	0.566017	PG	ATP	E	-14.233	6.118	2.173
Q07912	0.673026	PG	ATP	D	5.553	-1.745	-5.933
Q08345	0.827489	PG	ATP	R	5.310	13.423	-22.900
Q08881	1.09693	PG	ATP	AL	20.326	14.803	-7.001
Q09013	0.808927	PG	ATP	H	-6.944	-5.024	-4.877
Q09137	0.248772	PG	ATP	D	-12.506	-9.736	-44.962
Q12851	0.611521	PG	ATP	AH	-25.018	-7.918	6.234
Q12852	1.17314	PG	ATP	B	-3.964	7.298	8.009
Q12866	0.896636	PG	ATP	C	-21.535	-2.007	9.521
Q13043	0.850982	PG	ATP	C	0.748	-3.557	3.480
Q13131	0.88479	PG	ATP	L	10.729	6.027	-1.891
Q13153	0.583343	PG	ATP	AF	-4.016	3.748	-10.903
Q13163	0.153381	PG	ATP	N	-21.110	-8.724	-5.757
Q13164	0.576791	PG	ATP	B	-8.842	1.871	-13.672
Q13177	0.608715	PG	ATP	AF	-3.796	1.049	-9.767
Q13188	0.855594	PG	ATP	B	-8.182	7.829	-0.437
Q13233	1.85988	PG	ATP	F	-13.631	-1.882	7.253
Q13237	0.818043	PG	ATP	B	9.103	10.343	-7.963
Q13315	UNKNOWN
Q13418	0.606354	PG	ATP	C	-1.853	6.792	-20.903
Q13464	0.534363	PG	ATP	E	-8.689	-2.353	3.881
Q13523	0.563936	PG	ATP	J	-5.383	0.666	-12.293
Q13535	0.694065	PG	ATP	B	49.186	1.072	-14.791
Q13546	2.26118	PG	ATP	F	7.278	2.077	-7.972
Q13554	0.899928	PG	ATP	L	-2.151	6.812	-6.027
Q13555	0.818985	PG	ATP	L	-1.607	0.982	-7.574
Q13557	0.816189	PG	ATP	M	-1.539	1.874	-7.296
Q13557-8	UNKNOWN
Q13627	0.487301	PG	ATP	D	-4.251	-3.736	9.092
Q13882	1.04824	PG	ATP	L	10.397	12.947	-5.710
Q13976	0.743143	PG	ATP	B	-3.204	9.584	-15.273
Q13976-2	UNKNOWN
Q14004	0.486294	PG	ATP	G	-4.233	9.822	-8.297
Q14012	1.08559	PG	ATP	B	5.345	9.873	-7.752
Q14164	1.25208	PG	ATP	F	17.628	6.489	-27.311
Q14289	1.06136	PG	ATP	C	8.140	20.426	-7.502
Q14680	0.687672	PG	ATP	D	9.500	-0.679	6.653
Q15118	0.636599	PG	ATP	H	0.050	-4.531	-12.242
Q15119	0.67132	PG	ATP	H	-3.208	-2.497	-14.574
Q15120	0.387664	PG	ATP	G	0.392	-5.663	-11.622
Q15131	0.872307	PG	ATP	AB	9.672	2.064	1.310
Q15139	0.960455	PG	ATP	K	-11.792	2.276	-4.787
Q15208	0.826085	PG	ATP	B	-8.931	8.096	-7.788
Q15300	UNKNOWN
Q15303	1.0734	PG	ATP	P	-17.892	-31.626	-15.934
Q15349	1.67571	PG	ATP	B	13.469	10.842	-14.239
Q15375	0.349994	PG	ATP	C	1.170	11.145	16.198
Q15418	1.55088	PG	ATP	G	-10.547	3.232	18.398
Q15569	0.964067	PG	ATP	D	-14.883	7.230	-0.151
Q15746	1.64826	PG	ATP	I	5.846	15.973	-24.710
Q15759	0.859902	PG	ATP	H	7.839	7.230	-0.350
Q15831	0.396915	PG	ATP	B	-1.590	-1.870	7.884
Q15835	0.745003	PG	ATP	B	16.963	5.510	-4.933
Q16288	3.03087	PG	ATP	U	-10.186	8.191	-12.187
Q16512	0.83393	PG	ATP	B	-7.203	-2.473	10.457
Q16513	0.842179	PG	ATP	B	-18.567	5.541	3.653
Q16539	0.965676	PG	ATP	Q	11.282	4.925	0.345
Q16566	1.11542	PG	ATP	C	-17.841	4.635	2.182
Q16584	1.04243	PG	ATP	B	-12.805	5.272	-3.764
Q16620	3.51312	PG	ATP	Q	4.783	-2.576	-11.864
Q16644	0.878881	PG	ATP	R	2.428	4.019	1.773
Q16654	0.75786	PG	ATP	D	-2.030	-4.404	-13.699
Q16659	1.16214	PG	ATP	C	4.517	-2.943	-9.210
Q16816	0.780121	PG	ATP	U	-12.636	2.869	7.729
Q2M2I8	1.61028	PG	ATP	N	1.286	8.860	-5.613
Q32MK0	0.787237	PG	ATP	I	-14.252	1.526	-0.345
Q38SD2	1.88717	PG	ATP	B	12.313	8.825	-0.419
Q3MIX3	1.66233	PG	ATP	C	-5.588	-0.135	3.773
Q3ULB5	0.0729752	PG	ATP	D	18.102	-26.667	-0.158
Q3UMW7	0.869455	PG	ATP	T	-6.228	-5.500	-7.906
Q4JIM5	0.610659	PG	ATP	W	4.750	13.336	-15.579
Q504Y2	2.94296	PG	ATP	B	0.456	9.117	-11.008
Q59H18	1.04804	PG	ATP	D	-1.685	18.171	-2.885
Q5EG47	0.90868	PG	ATP	L	10.902	3.681	-1.960
Q5MJS3	4.33187	PG	ATP	C	19.946	-9.244	-4.211
Q5S007	0.608201	PG	ATP	AB	-7.201	9.474	-17.746
Q5TCX8	0.032653	PG	ATP	R	-5.015	14.973	-10.871
Q5TCY1	0.58863	PG	ATP	C	-16.188	-3.243	-0.461
Q5VT25	0.841686	PG	ATP	J	16.677	2.603	-27.242
Q60737	0.879328	PG	ATP	AE	2.923	11.352	-0.452
Q60806	0.962352	PG	ATP	F	-1.981	-2.091	0.979
Q60823	0.75573	PG	ATP	C	-8.912	3.706	4.749
Q61084	1.34836	PG	ATP	U	4.640	-11.849	2.137
Q61214	0.457643	PG	ATP	C	-6.037	-5.869	7.101
Q61271	0.634075	PG	ATP	BE	0.257	-2.275	-6.398
Q61410	0.816318	PG	ATP	B	6.149	10.882	-8.334
Q61831	0.147748	PG	ATP	O	-11.921	19.469	27.790
Q61846	0.714652	PG	ATP	B	7.564	-5.240	4.826
Q62073	1.1421	PG	ATP	B	-14.139	-1.726	1.761
Q62074	0.500915	PG	ATP	G	-12.373	-0.081	-2.387
Q62101	0.994849	PG	ATP	K	-9.794	-4.168	-4.141
Q62388	UNKNOWN
Q62829	0.59865	PG	ATP	AH	-3.384	3.123	-10.163
Q63450	1.1326	PG	ATP	B	5.198	9.301	-8.217
Q63470	0.483211	PG	ATP	C	-7.314	-6.837	6.199
Q63531	0.86312	PG	ATP	X	-1.501	8.320	-22.379
Q63538	0.549637	PG	ATP	K	-4.211	-1.310	-11.454
Q63572	1.10562	PG	ATP	D	-10.321	9.076	3.057
Q63844	1.33917	PG	ATP	D	10.079	4.325	0.330
Q64303	0.622223	PG	ATP	AF	-3.200	-0.564	-9.023
Q64434	1.1253	PG	ATP	M	6.667	14.399	-10.338
Q6IQ55	0.569957	PG	ATP	J	-3.900	-1.219	10.682
Q6J9G0	0.588003	PG	ATP	E	-17.374	-13.624	-1.827
Q6NYC1	UNKNOWN
Q6P2M8	0.936008	PG	ATP	B	11.928	-3.562	-2.180
Q6P3R8	1.13794	PG	ATP	E	10.408	3.931	-0.494
Q6P5Z2	0.928619	PG	ATP	B	-10.546	-7.100	7.198
Q6P6U0	1.36166	PG	ATP	Q	-1.618	-4.711	-19.062
Q6PHR2	1.8112	PG	ATP	E	7.234	3.260	-22.184
Q6PHZ2	0.814167	PG	ATP	M	-1.449	1.817	-7.058
Q6SA08	0.868893	PG	ATP	B	7.718	9.884	-4.510
Q6VAB6	0.913746	PG	ATP	B	-11.653	4.535	-14.117
Q7KZI7	0.902925	PG	ATP	G	-12.840	10.437	-5.379
Q7L7X3	0.17445	PG	ATP	AG	8.173	7.737	-2.432
Q7M0H9	UNKNOWN
Q80X41	0.365696	PG	ATP	B	0.434	14.587	-6.106
Q80YE7	0.854991	PG	ATP	F	10.438	12.838	-37.037
Q86UE8	1.14673	PG	ATP	B	-3.762	-4.696	-10.214
Q86V86	0.434504	PG	ATP	B	0.917	2.096	-14.538
Q86Y07	0.43533	PG	ATP	D	2.058	-8.586	-7.975
Q86Y07-2	UNKNOWN
Q86Z02	0.596564	PG	ATP	E	-1.396	7.761	11.134
Q8BFP9	0.663144	PG	ATP	H	0.306	-4.800	-12.270
Q8BRK8	0.233948	PG	ATP	D	-15.487	-5.039	-45.825
Q8BSK8	1.89344	PG	ATP	E	9.997	-2.816	1.133
Q8CFH6	0.0870097	PG	ATP	E	30.341	12.080	37.855
Q8IV63	0.748179	PG	ATP	Y	9.840	-4.654	13.059
Q8IVH8	0.618444	PG	ATP	AG	17.530	11.818	-28.553
Q8IVT5	0.976396	PG	ATP	B	1.626	-6.177	-8.762
Q8IW41	0.813153	PG	ATP	X	-5.124	13.600	1.838
Q8IWQ3	0.642861	PG	ATP	N	-10.511	10.780	-0.835
Q8IWU2	4.02788	PG	ATP	G	5.977	-1.541	-5.923
Q8IXL6	0.192656	PG	ATP	D	18.490	5.492	-2.411
Q8IYT8	0.399717	PG	ATP	E	-5.018	4.062	5.958
Q8IZL9	0.696981	PG	ATP	F	4.092	4.355	10.111
Q8N4C8	0.992465	PG	ATP	D	-21.406	7.093	1.240
Q8N5S9	0.920033	PG	ATP	H	-12.011	9.969	2.841
Q8N752	0.520158	PG	ATP	F	1.597	-6.485	2.305
Q8NEV4	0.708403	PG	ATP	K	-7.324	5.637	11.397
Q8NG66	0.883739	PG	ATP	G	-5.694	2.597	8.701
Q8TAS1	0.0506862	PG	ATP	H	14.962	6.137	4.264
Q8TD08	1.1625	PG	ATP	B	-7.271	-0.562	-14.781
Q8TD19	3.01358	PG	ATP	E	-14.029	-14.692	21.315
Q8TDC3	0.660604	PG	ATP	K	-9.725	10.502	0.051
Q8TDC3-2	UNKNOWN
Q8TDX7	1.65626	PG	ATP	F	5.123	-1.226	-3.187
Q8TF76	UNKNOWN
Q8WTQ7	1.03637	PG	ATP	D	-3.013	-5.568	-17.599
Q8WZ42	UNKNOWN
Q91VJ4	0.895446	PG	ATP	B	-4.236	10.996	-3.152
Q91Y86	0.134974	PG	ATP	G	-2.415	2.013	31.936
Q922Y0	0.245706	PG	ATP	F	-8.691	8.675	0.914
Q923T9	0.826391	PG	ATP	L	-1.125	1.768	-6.828
Q92630	0.305168	PG	ATP	F	-3.302	-2.538	4.102
Q92772	1.15711	PG	ATP	I	-1.476	-4.766	4.451
Q92918	1.39827	PG	ATP	D	-5.586	0.948	11.891
Q96BR1	1.47324	PG	ATP	C	-5.775	2.428	-2.465
Q96GD4	0.527997	PG	ATP	C	12.419	1.939	0.289
Q96GX5	0.253815	PG	ATP	E	-9.450	4.668	-14.472
Q96J92	0.0762864	PG	ATP	J	-9.369	-8.124	-7.952
Q96KB5	0.0457083	PG	ATP	P	22.010	7.069	8.160
Q96L34	0.798729	PG	ATP	D	-7.372	13.832	-0.555
Q96NX5	1.20459	PG	ATP	C	-1.489	-4.422	13.321
Q96PY6	0.961739	PG	ATP	Y	0.266	8.320	-3.690
Q96Q15	UNKNOWN
Q96Q40	0.617752	PG	ATP	C	2.581	7.947	9.579
Q96QP1	0.543859	PG	ATP	G	-0.278	-16.907	-23.947
Q96QT4	0.661717	PG	ATP	C	28.165	-18.908	37.772
Q96RG2	2.12103	PG	ATP	H	-12.060	-0.360	-3.968
Q96RR4	1.15717	PG	ATP	V	-6.128	10.431	-9.242
Q96S44	0.663368	PG	ATP	B	0.781	10.960	-1.109
Q96SB4	0.512301	PG	ATP	D	-4.313	-3.470	-12.566
Q99558	0.0601305	PG	ATP	T	2.736	13.681	-0.262
Q99640	1.20588	PG	ATP	Q	4.150	5.535	-0.093
Q99683	0.620963	PG	ATP	X	18.503	3.017	-20.749
Q99759	1.33436	PG	ATP	J	4.097	-0.348	-0.292
Q99986	0.414923	PG	ATP	B	7.556	8.576	-1.681
Q99MQ3	1.40458	PG	ATP	D	7.928	0.187	-7.169
Q99N57	1.15859	PG	ATP	C	1.681	-3.738	-13.959
Q9BQI3	0.0178586	PG	ATP	Q	-8.701	-10.934	10.478
Q9BUB5	1.37854	PG	ATP	D	-0.888	-10.587	5.859
Q9BUB5-2	UNKNOWN
Q9BWU1	0.986018	PG	ATP	G	-4.203	-3.353	-10.136
Q9BX84	0.772079	PG	ATP	C	-14.145	-57.115	-7.332
Q9BXM7	0.314156	PG	ATP	D	5.504	-2.660	-13.626
Q9BYP7	0.0913781	PG	ATP	K	-12.485	-6.776	-10.003
Q9BYT3	0.814771	PG	ATP	B	-12.002	8.247	5.879
Q9BZL6	0.961684	PG	ATP	K	6.681	0.092	4.826
Q9DB30	0.715037	PG	ATP	T	9.925	-5.484	-7.806
Q9H093	1.30956	PG	ATP	N	-6.142	-5.169	7.874
Q9H0K1	0.102082	PG	ATP	E	19.583	-39.442	23.341
Q9H1R3	0.938611	PG	ATP	M	-8.817	-4.935	4.111
Q9H2G2	1.3394	PG	ATP	N	10.676	8.396	-8.564
Q9H2K8	0.221728	PG	ATP	AN	7.771	4.876	-0.603
Q9H2X6	0.564367	PG	ATP	E	0.073	7.448	10.914
Q9H3Y6	1.00668	PG	ATP	I	-10.882	3.790	-12.124
Q9H422	0.53444	PG	ATP	D	-1.450	10.402	9.710
Q9H4A3	0.0727305	PG	ATP	G	-7.310	9.886	-7.234
Q9H4B4	0.963144	PG	ATP	F	-7.013	0.245	-4.138
Q9HAZ1	0.319204	PG	ATP	P	-3.545	11.865	-8.704
Q9HBH9	1.44666	PG	ATP	D	-4.942	7.567	8.280
Q9HBY8	1.51417	PG	ATP	C	-10.104	-5.944	-0.631
Q9HC98	1.60487	PG	ATP	F	3.740	5.712	-3.831
Q9HCP0	0.585836	PG	ATP	R	7.553	2.707	0.352
Q9JKK8	0.726583	PG	ATP	B	49.057	2.230	-13.163
Q9JLN9	0.452187	PG	ATP	B	16.655	-0.299	-40.908
Q9N0X0	0.500874	PG	ATP	C	-8.284	-6.471	5.586
Q9NQU5	0.0781524	PG	ATP	D	6.957	15.246	-33.239
Q9NR20	0.308599	PG	ATP	F	-2.791	-2.775	2.733
Q9NRM7	1.92091	PG	ATP	B	-0.306	7.028	7.179
Q9NSY1	1.27247	PG	ATP	O	-4.078	12.835	-2.256
Q9NWZ3	1.00067	PG	ATP	J	-5.286	1.827	-10.670
Q9NYL2	1.14299	PG	ATP	B	-11.216	8.135	0.828
Q9NYV4	0.481601	PG	ATP	G	-5.062	9.159	-9.095
Q9NYY3	0.898266	PG	ATP	F	-1.564	4.303	3.854
Q9NZJ5	1.14101	PG	ATP	D	4.496	0.032	-20.518
Q9P0L2	0.894739	PG	ATP	F	-14.502	7.413	-6.898
Q9P1W9	1.88567	PG	ATP	G	9.628	-3.050	0.329
Q9P286	0.0595098	PG	ATP	C	24.300	-16.364	-3.472
Q9P289	0.372265	PG	ATP	AO	-10.047	-6.095	-2.991
Q9P2K8	0.623768	PG	ATP	L	13.068	11.919	-49.505
Q9QX70	UNKNOWN
Q9QY78	1.25206	PG	ATP	J	25.189	10.399	-21.816
Q9QZR5	0.556178	PG	ATP	D	-3.856	12.477	8.235
Q9UBE8	0.728621	PG	ATP	B	-6.781	-4.480	-13.358
Q9UBS0	1.83676	PG	ATP	E	8.282	-5.669	-1.177
Q9UEE5	0.661679	PG	ATP	I	-8.406	4.063	-12.873
Q9UEW8	0.614744	PG	ATP	E	0.951	6.606	-1.780
Q9UF33	0.513729	PG	ATP	B	-21.863	9.467	13.468
Q9UGJ0	0.392354	PG	ATP	E	-8.299	3.629	-3.838
Q9UHD2	1.28752	PG	ATP	F	14.837	6.979	-26.513
Q9UIG0	UNKNOWN
Q9UIK4	0.39959	PG	ATP	E	6.643	4.185	-3.703
Q9UK32	1.75769	PG	ATP	B	11.243	13.788	-14.189
Q9UKE5	1.06308	PG	ATP	D	-8.978	5.453	15.500
Q9UKI8	1.06845	PG	ATP	B	-2.619	-5.671	-9.060
Q9UL54	0.202843	PG	ATP	AK	-11.916	1.433	-18.224
Q9UM73	0.847115	PG	ATP	K	-2.283	7.026	-24.279
Q9UPZ9	0.869404	PG	ATP	D	7.052	3.747	-1.558
Q9UQ88	0.718288	PG	ATP	AD	-1.307	11.382	0.548
Q9UQ88-10	UNKNOWN
Q9UQB9	0.503519	PG	ATP	C	-5.731	7.247	8.760
Q9UQM7	0.823942	PG	ATP	M	-2.040	2.967	-6.354
Q9WTK7	0.40778	PG	ATP	B	-1.589	-1.057	7.985
Q9WTU6	0.107265	PG	ATP	P	-3.951	5.345	32.301
Q9WUD9	1.38344	PG	ATP	Q	12.263	-0.436	-8.176
Q9WUI1	0.877188	PG	ATP	H	2.021	7.935	-5.877
Q9WV60	0.501248	PG	ATP	B	4.366	-5.804	-2.699
Q9WVC6	1.56508	PG	ATP	C	-7.502	5.533	-4.873
Q9Y243	0.707549	PG	ATP	E	-0.905	-3.427	9.155
Q9Y2H1	1.20459	PG	ATP	B	6.190	8.265	2.582
Q9Y2I7	0.332403	PG	ATP	Q	-41.167	-5.487	18.355
Q9Y2K2	0.99531	PG	ATP	D	-14.095	9.582	-5.032
Q9Y2U5	0.652015	PG	ATP	X	-13.644	5.747	-5.375
Q9Y3S1	0.0582192	PG	ATP	I	-5.455	-4.324	-5.692
Q9Y463	0.385033	PG	ATP	C	-4.791	-2.882	9.179
Q9Y478	UNKNOWN
Q9Y4B6	UNKNOWN
Q9Y4K4	0.750714	PG	ATP	AI	2.584	-7.475	-16.977
Q9Y572	0.853142	PG	ATP	B	0.544	8.426	-6.050
Q9Y5P4	UNKNOWN
Q9Y5S2	0.873502	PG	ATP	J	16.471	-2.074	-24.834
Q9Y6E0	0.374663	PG	ATP	AW	2.933	0.435	7.407
Q9Y6M4	0.584262	PG	ATP	R	3.861	11.533	-4.033
Q9Y6R4	0.993819	PG	ATP	I	15.367	-5.120	1.812
Q9Z188	0.369485	PG	ATP	C	-5.366	-4.401	8.217
Q9Z1B7	1.56015	PG	ATP	C	5.150	4.085	-2.261
Q9Z2A0	0.276917	PG	ATP	C	-7.127	-5.177	10.801
Q9Z2B5	1.12605	PG	ATP	E	18.331	-1.298	-8.602
YP_068414	UNKNOWN
